{"stat.useItem.66":6,"stat.useItem.381":72,"stat.useItem.3":236,"stat.useItem.351":24,"achievement.exploreAllBiomes":{"value":0,"progress":["Desert","Deep Ocean","Taiga","Extreme Hills","Jungle","Sky","MushroomIsland","Birch Forest","Mesa","Mega Taiga","Savanna","River","Swampland","Sunflower Plains","Flower Forest","Ocean","Ice Plains Spikes","Plains","FrozenRiver","Ice Plains","Hell","Cold Taiga","Forest","Mega Spruce Taiga","Beach","Roofed Forest","Stone Beach","Cold Beach"]},"stat.useItem.112":27,"stat.useItem.89":31,"achievement.openInventory":119,"stat.damageDealt":715,"stat.useItem.19":21,"stat.useItem.97":51,"stat.useItem.49":327,"stat.useItem.259":7,"stat.useItem.323":8,"stat.flyOneCm":4968569,"stat.useItem.87":41,"stat.drop":96,"stat.useItem.39":2,"stat.damageTaken":67720,"stat.useItem.153":8,"stat.useItem.88":14,"stat.useItem.121":240,"stat.useItem.120":90,"stat.useItem.372":6,"stat.diveOneCm":2673,"stat.useItem.6":5,"stat.useItem.54":9,"stat.useItem.81":1,"stat.playOneMinute":436003,"stat.deaths":41,"stat.swimOneCm":488,"stat.mobKills":5,"stat.walkOneCm":252692,"stat.useItem.77":4,"stat.useItem.145":1,"stat.killEntity.Zombie":2,"stat.useItem.342":7,"stat.useItem.7":463,"stat.jump":210,"stat.useItem.82":81,"stat.useItem.1":135,"stat.useItem.110":5,"stat.useItem.137":1,"stat.useItem.12":28}